sku,national_inv,lead_time,in_transit_qty,forecast_3_month,forecast_6_month,forecast_9_month,sales_1_month,sales_3_month,sales_6_month,sales_9_month,min_bank,potential_issue,pieces_past_due,perf_6_month_avg,perf_12_month_avg,local_bo_qty,deck_risk,oe_constraint,ppap_risk,stop_auto_buy,rev_stop,xcs_pro,fact_no,product_left,aging
3287509,0.489323,8,0,0,0.028784,0.172702,0.057567,0.172702,0.460539,0.690808,0.086351,0,0,0.96,0.88,0,0,0,0,1,0,0,21694,0,0
3287510,0.618718,0,0,0,0,0,0,0.176777,0.441942,0.618718,0.088388,0,0,0,0,0,0,0,0,1,0,0,21695,0,0
3287511,0.243484,14,0,0.056111,0.268533,0.480955,0.037074,0.163324,0.426848,0.64929,0.048096,0,0,0.98,0.96,0,0,0,0,1,0,0,21696,0,0
3287512,0.056254,8,0,0.225018,0.393781,0.562544,0,0.225018,0.281272,0.562544,0.168763,0,0,0.97,0.96,0,0,0,0,1,0,1,21697,120,12
3287513,0.316228,8,0,0,0,0,0,0.316228,0.632456,0.632456,0,0,0,0.78,0.75,0,1,0,0,1,0,0,21698,0,0
3287514,0.954815,8,0,0,0,0,0,0.168497,0.168497,0.168497,0.056166,0,0,0.7669,0.763186,0,1,0,1,1,0,0,21699,0,0
3287515,0.309121,8,0.016597,0,0,0,0.070538,0.22821,0.483391,0.767617,0.155598,0,0,0.7669,0.763186,0,0,0,1,0,0,0,21700,0,0
3287517,0.436644,12,0.142163,0,0,0.182781,0.040618,0.182781,0.456953,0.710816,0.081236,0,0,1,1,0,0,0,0,1,0,0,21701,0,0
3287518,1,12,0,0,0,0,0,0,0,0,0,0,0,0.77,0.73,0,0,0,0,1,0,0,21702,0,0
3287519,1,12,0,0,0,0,0,0,0,0,0,0,0,0.77,0.73,0,0,0,0,1,0,0,21703,0,0
3287520,0.131685,8,0,0.197528,0.395056,0.592584,0.065843,0.175581,0.351161,0.526742,0.021948,0,0,0.91,0.81,0,0,0,1,1,0,0,21704,0,0
3287521,0.83205,12,0,0,0,0.27735,0,0.27735,0.27735,0.27735,0,0,0,0.77,0.73,0,0,0,0,1,0,0,21705,0,0
3287522,0.970143,0,0,0,0,0,0,0,0.080845,0.16169,0.16169,0,0,0,0,0,0,0,0,0,0,0,21706,0,0
3287523,0,8,0,0.485071,0.485071,0.485071,0,0,0.242536,0.485071,0,0,0,0.19,0.49,0,0,0,0,1,0,0,21707,0,0
3287524,0.993409,12,0,0,0,0,0,0,0,0.114624,0,0,0,0.73,0.79,0,0,0,0,1,0,0,21708,0,0
3287525,0.999757,8,0,0,0,0,0,0.000858,0.012014,0.017163,0.006865,0,0,1,0.8,0,0,0,0,1,0,0,21709,0,0
3287526,0.987878,9,0,0,0,0,0,0,0.109764,0.109764,0,0,0,0.93,0.89,0,1,0,0,1,0,0,21710,0,0
3287527,0.999363,9,0,0,0,0,0,0,0,0,0.035692,0,0,0.99,0.99,0,0,0,0,1,0,0,21711,0,0
3287528,1,9,0,0,0,0,0,0,0,0,0,0,0,0.99,0.99,0,0,0,0,1,0,0,21712,0,0
3287529,0.944911,9,0,0,0,0,0,0.188982,0.188982,0.188982,0,0,0,0.98,0.98,0,0,0,0,1,0,0,21713,0,0
3287530,0.196504,4,0.032045,0.14511,0.329522,0.47705,0.083438,0.20255,0.402681,0.623975,0.060463,0,0,0.87,0.91,0,0,0,0,1,0,0,21714,0,0
3287531,0.235926,8,0.032542,0.219656,0.333551,0.504394,0.065083,0.231859,0.382363,0.553207,0.138302,0,0,0.66,0.66,0,0,0,1,1,0,0,21715,0,0
3287532,1,8,0,0,0,0,0,0,0,0,0,0,0,0.7669,0.763186,0,1,0,0,1,0,0,21716,0,0
3287533,0.207028,8,0,0,0,0,0.031851,0.191103,0.382206,0.589235,0.652936,0,0,0.7669,0.763186,0,0,0,0,1,0,0,21717,0,0
3287534,1,8,0,0,0,0,0,0,0,0,0,0,0,0.95,0.77,0,1,0,0,1,0,0,21718,0,0
3287535,0.911068,0,0,0,0,0,0.031967,0.095902,0.223771,0.311681,0.111885,0,0,0,0,0,0,0,0,0,0,0,21719,0,0
3287536,0.571429,8,0,0,0,0,0,0.285714,0.285714,0.714286,0,0,0,0.19,0.49,0,1,0,0,1,0,0,21720,0,0
3287537,0.143561,13,0.102544,0.102544,0.102544,0.205088,0.051272,0.266614,0.502465,0.758825,0.061526,0,0,0.82,0.81,0,0,0,0,1,0,0,21721,0,0
3287538,0.897889,10,0,0,0,0,0.019104,0.171936,0.229248,0.324768,0.076416,0,0,0.89,0.9,0,0,0,0,1,0,0,21722,0,0
3287539,0.904534,0,0,0,0,0,0,0,0,0.301511,0.301511,0,0,0,0,0,1,0,0,1,0,0,21723,0,0
3287540,1,9,0,0,0,0,0,0,0,0,0,0,0,0.7,0.66,0,0,0,1,1,0,0,21724,0,0
3287541,0,8,0,0,0,0,0,0,0,0,0,0,0,0.95,0.96,0,0,0,0,1,0,0,21725,0,0
3287542,0.999201,8,0,0,0,0,0,0,0,0,0.039968,0,0,0.84,0.82,0,0,0,0,1,0,0,21726,0,0
3287543,0,8,0,0,0,0,0,0.194666,0.551553,0.811107,0,0,0,0.87,0.8,0,1,0,0,1,0,0,21727,0,0
3287544,0.523225,8,0.043602,0.174408,0.348817,0.523225,0.043602,0.174408,0.261612,0.436021,0.087204,0,0,0.79,0.66,0,0,0,0,1,0,0,21728,0,0
3287545,0.090552,9,0.021917,0.151112,0.258966,0.351248,0.047871,0.252622,0.473522,0.697883,0.025954,0,0,0.94,0.83,0,0,0,0,1,0,0,21729,0,0
3287546,0.998979,3,0,0,0,0,0,0.007866,0.031464,0.031464,0,0,0,0.7669,0.763186,0,0,0,0,1,0,0,21730,0,0
3287547,1,9,0,0,0,0,0,0,0,0,0,0,0,0.94,0.83,0,0,0,0,1,0,0,21731,0,0
3287548,1,8,0,0,0,0,0,0,0,0,0,0,0,0.18,0.33,0,0,0,0,1,0,0,21732,0,0
3287549,0.609333,2,0,0,0,0,0.162489,0.406222,0.446844,0.487467,0,0,0,0.99,0.98,0,1,0,0,1,0,0,21733,0,0
3287550,0,2,0.928477,0,0,0,0.185695,0.185695,0.185695,0.185695,0,0,0,0,0.08,0,1,0,0,1,0,0,21734,0,0
3287551,0.998371,9,0,0,0,0,0,0,0,0,0.05705,0,0,0.85,0.82,0,1,0,0,0,0,0,21735,0,0
3287552,0.916176,8,0,0,0,0,0.050899,0.152696,0.203595,0.305392,0,0,0,0.7669,0.763186,0,1,0,0,1,0,0,21736,0,0
3287553,0.236263,9,0.236263,0.078754,0.267764,0.393771,0.066154,0.211061,0.445749,0.607983,0.19531,0,0,0.85,0.82,0,0,0,0,1,0,0,21737,0,0
3287554,0.221396,9,0.094884,0.253024,0.421707,0.506049,0.052713,0.179226,0.358451,0.527134,0.052713,0,0,0.85,0.82,0,0,0,0,1,0,0,21738,0,0
3287555,0.214115,8,0,0.249801,0.499602,0.499602,0.035686,0.142743,0.321173,0.517445,0,0,0,0.95,0.95,0,0,0,0,1,0,0,21739,0,0
3287556,0.904534,8,0,0,0,0,0,0,0.301511,0.301511,0,0,0,0.7669,0.763186,0,1,0,0,1,0,0,21740,0,0
3287557,0.64623,9,0.276956,0.030773,0.030773,0.030773,0,0.092319,0.276956,0.64623,0,0,0,0.85,0.82,0,0,0,0,1,0,0,21741,0,0
3287558,1,9,0,0,0,0,0,0,0,0,0,0,0,0.85,0.82,0,0,0,0,1,0,0,21742,0,0
3287559,1,9,0,0,0,0,0,0,0,0,0,0,0,0.85,0.82,0,0,0,0,1,0,0,21743,0,0
3287560,0.98039,8,0,0,0,0,0,0.089126,0.089126,0.148544,0.029709,0,0,0.79,0.86,0,0,0,0,1,0,0,21744,0,0
3287561,1,9,0,0,0,0,0,0,0,0,0,0,0,0.85,0.82,0,0,0,0,1,0,0,21745,0,0
3287562,1,9,0,0,0,0,0,0,0,0,0,0,0,0.85,0.82,0,0,0,0,1,0,0,21746,0,0
3287563,0.894427,9,0,0,0,0,0,0.127775,0.191663,0.383326,0,0,0,0.85,0.82,0,0,0,0,1,0,0,21747,0,0
3287564,0,2,0,0.57735,0.57735,0.57735,0,0,0,0,0,0,0,0,0,0,0,0,0,1,0,0,21748,0,0
3287565,1,8,0,0,0,0,0,0,0,0,0,0,0,0.84,0.82,0,0,0,1,1,0,0,21749,0,0
3287566,0.997785,12,0,0,0,0,0,0,0,0,0.066519,0,0,0.7,0.76,0,0,0,0,1,0,0,21750,0,0
3287567,0.9998,12,0,0,0,0,0,0,0,0,0.019996,0,0,0.48,0.48,0,1,0,0,1,0,0,21751,0,0
3287568,0.516551,4,0,0.172184,0.344367,0.344367,0,0,0.378804,0.568206,0,0,0,0.73,0.78,0,0,0,0,1,0,0,21752,0,0
3287569,0.991217,4,0,0,0,0,0,0,0.093511,0.093511,0,0,0,0.73,0.78,0,0,0,0,1,0,0,21753,0,0
3287570,0.977356,4,0,0,0,0,0,0.122169,0.122169,0.122169,0,0,0,0.73,0.78,0,1,0,0,1,0,0,21754,0,0
3287571,0.998752,2,0,0,0,0,0,0,0,0,0.049938,0,0,0.9,0.95,0,1,0,0,1,0,0,21755,0,0
3287572,0.447214,4,0,0,0,0,0.447214,0.447214,0.447214,0.447214,0,0,0,0.73,0.78,0,0,0,0,1,0,0,21756,0,0
3287573,1,4,0,0,0,0,0,0,0,0,0,0,0,0.73,0.78,0,0,0,0,1,0,0,21757,0,0
3287574,0.986394,8,0,0,0,0,0,0,0,0,0.164399,0,0,0.37,0.34,0,0,0,0,1,0,0,21758,0,0
3287575,0.993884,2,0,0,0,0,0,0,0,0,0.110432,0,0,0.98,0.92,0,1,0,0,1,0,0,21759,0,0
3287576,0.078527,2,0.039264,0.248669,0.497338,0.811446,0.078527,0.078527,0.078527,0.078527,0,0,0,0.89,0.87,0,0,0,0,1,0,0,21760,0,0
3287577,0.381,4,0,0,0,0.127,0,0,0.508001,0.762001,0,0,0,0.73,0.78,0,0,0,0,1,0,0,21761,0,0
3287578,0.998696,8,0,0,0,0,0.002845,0.011381,0.019917,0.045525,0,0,0,0.7669,0.763186,0,0,0,1,1,0,0,21762,0,0
3287579,1,12,0,0,0,0,0,0,0,0,0,0,0,0.73,0.79,0,0,0,0,1,0,0,21763,0,0
3287580,1,8,0,0,0,0,0,0,0,0,0,0,0,0.66,0.8,0,0,0,0,1,0,0,21764,0,0
3287581,0.371391,8,0,0.123797,0.247594,0.495188,0,0.123797,0.371391,0.618984,0.061898,0,0,1,0.94,0,0,0,0,1,0,0,21765,0,0
3287582,0.912871,8,0,0,0,0,0.182574,0.182574,0.182574,0.182574,0.182574,0,0,0,0,0,0,0,0,1,0,0,21766,0,0
3287583,0.066708,2,0.025657,0.230913,0.448997,0.667081,0.061577,0.174467,0.300187,0.413077,0,0,0,0.92,0.92,0,0,0,0,1,0,0,21767,0,0
3287584,0.99998,12,0,0,0,0,0,0,0,0,0.00625,0,0,0.77,0.73,0,0,0,0,1,0,0,21768,0,0
3287585,0.999083,12,0,0,0,0,0,0,0,0,0.042818,0,0,0.77,0.73,0,0,0,0,1,0,0,21769,0,0
3287586,1,12,0,0,0,0,0,0,0,0.000693,0.000347,0,0,0.77,0.73,0,0,0,0,1,0,0,21770,0,0
3287587,0.105876,12,0,0.573495,0.573495,0.573495,0,0,0.026469,0.026469,0.026469,0,0,0.27,0.26,0,1,0,0,0,0,0,21771,0,0
3287588,0.538772,8,0,0,0,0,0.053877,0.134693,0.484895,0.673466,0,0,0,0.79,0.87,0,0,0,0,1,0,0,21772,0,0
3287589,0.998618,4,0,0,0,0,0,0,0,0,0.052559,0,0,0.73,0.78,0,0,0,0,1,0,0,21773,0,0
3287590,0.994379,12,0,0,0,0,0,0,0.047351,0.094703,0,0,0,1,1,0,0,0,0,1,0,0,21774,0,0
3287591,0.168328,8,0,0.315615,0.315615,0.631229,0.031561,0.157807,0.305094,0.504983,0,0,0,0.9,0.9,0,0,0,0,1,0,0,21775,0,0
3287592,0.944911,4,0,0,0,0,0,0.188982,0.188982,0.188982,0,0,0,0.73,0.78,0,0,0,0,1,0,0,21776,0,0
3287593,1,8,0,0,0,0,0,0,0,0,0,0,0,1,0.92,0,0,0,0,1,0,0,21777,0,0
3287594,0.993859,2,0,0,0,0,0,0.045175,0.045175,0.090351,0,0,0,0.97,0.95,0,0,0,0,1,0,0,21778,0,0
3287595,0.996241,8,0,0,0,0,0.012772,0.025545,0.051089,0.063862,0,0,0,0.96,0.93,0,0,0,0,1,0,0,21779,0,0
3287596,0.40452,8,0.20226,0.20226,0.60678,0.60678,0,0,0,0.13484,0,0,0,0.86,0.67,0,0,0,1,1,0,0,21780,0,0
3287597,0.933329,2,0,0,0,0,0.011667,0.105,0.198333,0.279999,0,0,0,0.7,0.76,0,0,0,0,1,0,0,21781,0,0
3287598,0.96225,4,0,0,0,0,0,0,0.19245,0.19245,0,0,0,0.73,0.78,0,0,0,0,1,0,0,21782,0,0
3287599,0.015774,9,0.085878,0.085878,0.259387,0.399596,0.068352,0.269903,0.481969,0.669499,0,0,0,0.93,0.78,0,0,0,0,1,0,0,21783,0,0
3287600,0.997241,2,0,0,0,0,0,0,0.052486,0.052486,0,0,0,0.95,0.94,0,0,0,0,1,0,0,21784,0,0
3287601,1,8,0,0,0,0,0,0,0,0,0,0,0,1,0.92,0,0,0,0,1,0,0,21785,0,0
3287602,0,4,0,0,0,0,0,0,0,0,0,0,0,0.73,0.78,0,0,0,0,1,0,0,21786,0,0
3287603,0.991837,4,0,0,0,0,0,0,0.090167,0.090167,0,0,0,0.73,0.78,0,0,0,0,1,0,0,21787,0,0
3287604,0.133328,2,0.180982,0.197282,0.398418,0.547283,0.058615,0.19403,0.362085,0.52456,0.070297,0,0,0.94,0.81,0,0,0,1,1,0,0,21788,0,0
3287605,0.114927,2,0.076618,0.076618,0.306473,0.45971,0.025539,0.191546,0.427785,0.67041,0,0,0,0.9,0.95,0,0,0,0,1,0,0,21789,0,0
3287606,1,4,0,0,0,0,0,0,0,0,0,0,0,0.73,0.78,0,0,0,1,1,0,0,21790,0,0
3287607,0.78978,4,0,0,0,0,0.063182,0.189547,0.284321,0.505459,0,0,0,0.98,0.87,0,0,0,0,1,0,0,21791,0,0
3287608,1,4,0,0,0,0,0,0,0,0,0,0,0,0.73,0.78,0,0,0,0,1,0,0,21792,0,0
3287609,0.986394,8,0,0,0,0,0,0,0,0,0.164399,0,0,0.35,0.36,0,0,0,0,1,0,0,21793,0,0
3287612,0.406867,12,0,0,0,0.116248,0.058124,0.174371,0.464991,0.75561,0,0,0,0.57,0.68,0,0,0,0,1,0,0,21794,0,0
3287613,0.10001,8,0.032731,0.160016,0.327305,0.516415,0.056369,0.275664,0.452772,0.549145,0.061461,0,0,0.36,0.44,0,1,0,0,1,0,0,21795,0,0
3287614,1,4,0,0,0,0,0,0,0,0,0,0,0,0.73,0.78,0,0,0,0,1,0,0,21796,0,0
3287616,0.736788,2,0,0.387783,0.387783,0.387783,0,0.038778,0.038778,0.038778,0.038778,0,0,1,0.95,0,0,0,0,0,0,0,21797,0,0
3287617,0.944911,9,0,0,0,0,0,0.188982,0.188982,0.188982,0,0,0,0.93,0.78,0,0,0,0,1,0,0,21798,0,0
3287618,0.485363,4,0,0,0.069338,0.069338,0.138675,0.138675,0.485363,0.693375,0,0,0,0.73,0.78,0,0,0,0,1,0,0,21799,0,0
3287619,0.422042,4,0.07034,0.046894,0.234468,0.375149,0.023447,0.164128,0.468936,0.609617,0,0,0,0.73,0.78,0,0,0,0,1,0,0,21800,0,0
3287620,0.757271,4,0,0,0,0,0.068843,0.206529,0.275371,0.550743,0,0,0,0.73,0.78,0,0,0,0,1,0,0,21801,0,0
3287621,0.948683,8,0,0,0,0,0,0,0,0,0.316228,0,0,0.35,0.36,0,0,0,0,1,0,0,21802,0,0
3287622,0.995871,8,0,0,0,0,0,0,0.052414,0.052414,0.052414,0,0,0.35,0.36,0,0,0,1,1,0,0,21803,0,0
3287623,1,4,0,0,0,0,0,0,0,0,0,0,0,0.73,0.78,0,0,0,0,1,0,0,21804,0,0
3287624,0.180993,13,0.201435,0.12403,0.296984,0.48303,0.050531,0.194085,0.39506,0.622449,0.077634,0,0,0.42,0.64,0,0,0,0,1,0,0,21805,0,0
3287625,0.248495,4,0.124247,0.124247,0.331326,0.455573,0.041416,0.207079,0.455573,0.579821,0.041416,0,0,0.73,0.78,0,0,0,1,1,0,0,21806,0,0
3287626,0.615716,4,0,0,0.230893,0.230893,0.090958,0.167923,0.251884,0.643703,0,0,0,0.73,0.78,0,0,0,0,1,0,0,21807,0,0
3287627,0.583783,4,0,0.140724,0.140724,0.281447,0.041228,0.151718,0.340815,0.620064,0.122583,0,0,0.73,0.78,0,0,0,1,1,0,0,21808,0,0
3287628,0.380608,4,0.035342,0.036701,0.187585,0.273222,0.063888,0.169914,0.464885,0.701406,0.040779,0,0,0.73,0.78,0,0,0,0,1,0,0,21809,0,0
3287629,0.144641,4,0.005864,0.046911,0.193507,0.242372,0.044956,0.173961,0.400696,0.828756,0.031274,0,0,0.73,0.78,0,0,0,0,1,0,0,21810,0,0
3287630,1,4,0,0,0,0,0,0,0,0,0,0,0,0.73,0.78,0,0,0,0,1,0,0,21811,0,0
3287631,0.970143,4,0,0,0,0,0,0,0,0.242536,0,0,0,0.73,0.78,0,1,0,0,1,0,0,21812,0,0
3287632,0.948683,8,0,0,0,0,0,0,0,0,0.316228,0,0,1,1,0,0,0,0,1,0,0,21813,0,0
3287633,0.40915,4,0.001779,0.128082,0.281068,0.323762,0.01601,0.069378,0.419823,0.668871,0.060483,0,0,0.73,0.78,0,0,0,0,1,0,0,21814,0,0
3287634,0.642267,8,0.189761,0,0,0,0.043791,0.175164,0.364925,0.620372,0.029194,0,0,0.87,0.92,0,0,0,0,1,0,0,21815,0,0
3287635,0.816497,4,0,0,0,0,0,0,0.408248,0.408248,0,0,0,0.73,0.78,0,0,0,0,1,0,0,21816,0,0
3287636,0.98387,8,0,0,0,0,0,0,0,0,0.178885,0,0,0.99,0.98,0,0,0,0,1,0,0,21817,0,0
3287637,0.390449,2,0,0,0.289222,0.578443,0.057844,0.169918,0.32899,0.52783,0.101228,0,0,0.83,0.91,0,0,0,1,0,0,0,21818,0,0
3287638,1,4,0,0,0,0,0,0,0,0,0,0,0,0.73,0.78,0,0,0,0,1,0,0,21819,0,0
3287639,0.993383,4,0,0,0,0,0.014827,0.04448,0.074133,0.074133,0,0,0,0.73,0.78,0,0,0,0,1,0,0,21820,0,0
3287640,0.194257,8,0,0.194257,0.388514,0.582772,0.032376,0.161881,0.25901,0.582772,0,0,0,1,0.92,0,0,0,0,1,0,0,21821,0,0
3287641,0.995037,12,0,0,0,0,0,0,0,0,0.099504,0,0,0.48,0.48,0,1,0,0,1,0,0,21822,0,0
3287642,0.997054,12,0,0,0,0,0,0,0,0,0.076696,0,0,0.48,0.48,0,1,0,0,1,0,0,21823,0,0
3287643,0.436852,12,0,0,0,0.174741,0.08737,0.08737,0.524222,0.698963,0,0,0,0.7,0.76,0,0,0,0,1,0,0,21824,0,0
3287644,0,12,0,0.366206,0.624704,0.689329,0,0,0,0,0.021542,0,0,0.48,0.48,0,1,0,1,1,0,0,21825,0,0
3287645,0.995037,12,0,0,0,0,0,0,0,0,0.099504,0,0,0.48,0.48,0,1,0,0,1,0,0,21826,0,0
3287646,0.997054,12,0,0,0,0,0,0,0,0,0.076696,0,0,0.48,0.48,0,1,0,0,1,0,0,21827,0,0
3287647,0.997054,12,0,0,0,0,0,0,0,0,0.076696,0,0,0.48,0.48,0,1,0,0,1,0,0,21828,0,0
3287648,0.997054,12,0,0,0,0,0,0,0,0,0.076696,0,0,0.48,0.48,0,1,0,0,1,0,0,21829,0,0
3287649,0.998752,12,0,0,0,0,0,0,0,0,0.049938,0,0,0.48,0.48,0,1,0,0,1,0,0,21830,0,0
3287650,0.997054,12,0,0,0,0,0,0,0,0,0.076696,0,0,0.48,0.48,0,1,0,0,1,0,0,21831,0,0
3287651,0.994392,12,0,0.061049,0.061049,0.061049,0,0,0.001174,0.001174,0.000235,0,0,0.48,0.48,0,1,0,0,1,0,0,21832,0,0
3287652,0.998752,12,0,0,0,0,0,0,0,0,0.049938,0,0,0.48,0.48,0,1,0,0,1,0,0,21833,0,0
3287653,0.997785,12,0,0,0,0,0,0,0,0,0.066519,0,0,0.48,0.48,0,1,0,0,1,0,0,21834,0,0
3287654,0.473395,2,0.005704,0,0.171107,0.171107,0.046199,0.165973,0.436322,0.703248,0.051902,0,0,0.82,0.83,0,0,0,0,1,0,0,21835,0,0
3287655,0.150493,2,0,0.185222,0.370444,0.555666,0.046305,0.196798,0.347291,0.578818,0.023153,0,0,0.97,0.96,0,0,0,0,1,0,0,21836,0,0
3287656,0.978583,8,0,0,0,0,0.041642,0.072873,0.114515,0.135336,0.062463,0,0,0.79,0.79,0,0,0,0,1,0,0,21837,0,0
3287658,0.798334,8,0.043153,0,0,0,0.043153,0.151036,0.345225,0.453108,0.107883,0,0,0.5,0.49,0,0,0,0,1,0,0,21838,0,0
3287659,0.978019,8,0,0,0,0,0,0.088911,0.133366,0.133366,0,0,0,0.7669,0.763186,0,1,0,0,1,0,0,21839,0,0
3287660,0.999315,8,0,0,0,0,0,0,0,0,0.037012,0,0,0.74,0.73,0,0,0,0,1,0,0,21840,0,0
3287661,0.99224,8,0,0,0,0,0.010715,0.030003,0.064292,0.100724,0.012858,0,0,0.7669,0.763186,0,1,0,0,1,0,0,21841,0,0
3287662,0.705336,8,0.582861,0,0,0,0.017707,0.112145,0.222815,0.309875,0.064926,0,0,0.78,0.63,0,0,0,0,1,0,0,21842,0,0
3287663,0.239553,8,0.04546,0.102779,0.256946,0.411114,0.053504,0.133968,0.261987,0.776057,0.056884,0,0,0.98,0.91,0,0,0,0,1,0,0,21843,0,0
3287664,0.772693,8,0,0,0,0,0.072498,0.191469,0.343901,0.492409,0.017143,0,0,0.9,0.92,0,0,0,0,1,0,0,21844,0,0
3287665,0.177002,8,0.035114,0.171986,0.318174,0.464362,0.061628,0.182019,0.395568,0.643515,0.116091,0,0,0.79,0.66,0,0,0,0,1,0,0,21845,0,0
3287666,0.989743,8,0,0,0,0,0,0,0.082479,0.082479,0.082479,0,0,0.7669,0.763186,0,1,0,0,0,0,0,21846,0,0
3287667,0.816497,8,0,0,0,0,0,0,0.408248,0.408248,0,0,0,0.98,0.99,0,0,0,0,1,0,0,21847,0,0
3287668,0.749804,8,0.005554,0.064428,0.064428,0.128855,0.05443,0.171066,0.351019,0.504313,0.055541,0,0,0.48,0.28,0,0,0,0,1,0,0,21848,0,0
3287669,0.997054,8,0,0,0,0,0,0,0,0,0.076696,0,0,0,0,0,0,0,0,1,0,0,21849,0,0
3287670,0.354441,8,0.212664,0,0,0.17722,0.035444,0.106332,0.531661,0.708881,0,0,0,0.88,0.89,0,0,0,0,1,0,0,21850,0,0
3287671,0.46529,8,0,0,0.088627,0.46529,0,0.155097,0.420977,0.59823,0,0,0,0.61,0.62,0,0,0,1,1,0,0,21851,0,0
3287672,0.460741,8,0,0.15358,0.30716,0.30716,0.047255,0.129952,0.36623,0.649762,0,0,0,0.64,0.64,0,0,0,0,1,0,0,21852,0,0
3287673,0.546506,8,0.005306,0,0.137953,0.344882,0.037141,0.175094,0.3608,0.626094,0.095506,0,0,0.69,0.67,0,0,0,0,1,0,0,21853,0,0
3287674,0.87849,8,0.004949,0,0,0,0.037119,0.108883,0.235089,0.395939,0.054442,0,0,0.69,0.67,0,0,0,0,0,0,0,21854,0,0
3287675,0.165724,8,0,0.085081,0.262643,0.440204,0.139829,0.296675,0.45722,0.619984,0.039211,0,0,0.62,0.56,0,0,0,0,1,0,0,21855,0,0
3287676,0.182006,8,0,0,0.546019,0.546019,0,0.045502,0.227508,0.546019,0.136505,0,0,1,0.91,0,0,0,1,1,0,0,21856,0,0
3287677,0.147168,8,0.03001,0.204306,0.370039,0.513901,0.068413,0.182688,0.360968,0.601473,0.06748,0,0,0.98,0.99,0,0,0,1,1,0,0,21857,0,0
3287678,0.999792,8,0,0,0,0,0.010207,0.010207,0.010207,0.010207,0,0,0,0.69,0.67,0,0,0,0,1,0,0,21858,0,0
3287679,0.25449,8,0.030735,0.132777,0.354073,0.619627,0.003688,0.136466,0.283996,0.544633,0.106959,0,0,0.92,0.91,0,0,0,0,1,0,0,21859,0,0
3287680,0.999315,9,0,0,0,0,0,0,0,0,0.037012,0,0,0.98,0.88,0,0,0,0,1,0,0,21860,0,0
3287681,0.287949,8,0.004188,0.087955,0.307844,0.483754,0.044327,0.163346,0.390913,0.628601,0.062825,0,0,0.99,0.99,0,0,0,0,1,0,0,21861,0,0
3287682,0.199082,8,0.063222,0.161418,0.376642,0.53806,0.037664,0.149312,0.361845,0.577069,0.106267,0,0,0.97,0.98,0,0,0,0,1,0,0,21862,0,0
3287683,0.252809,12,0.021067,0.15309,0.316012,0.478933,0.032303,0.205056,0.369382,0.630619,0.075843,0,0,0.96,0.96,0,0,0,0,1,0,0,21863,0,0
3287684,1,12,0,0,0,0,0,0,0,0,0,0,0,0.63,0.57,0,0,0,0,1,0,0,21864,0,0
3287685,0.777778,52,0,0,0,0,0.055556,0.055556,0.277778,0.555556,0.055556,0,0,1,1,0,1,0,0,1,0,0,21865,0,0
3287686,0.967369,52,0,0,0,0,0.018603,0.065111,0.120921,0.204636,0.05581,0,0,0.96,0.96,0,1,0,0,1,0,0,21866,0,0
3287687,0.02811,8,0.018125,0,0.027187,0.051354,0.005454,0.020223,0.048333,0.996281,0.012419,0,0,0.75,0.72,0,0,0,1,1,0,0,21867,0,0
3287688,0.094491,9,0,0.283473,0.566947,0.566947,0,0.188982,0.283473,0.377964,0.094491,0,0,0.99,0.99,0,0,0,0,1,0,0,21868,0,0
3287689,1,8,0,0,0,0,0,0,0,0,0,0,0,1,1,0,0,0,0,1,0,0,21869,0,0
3287690,0.238272,8,0.094684,0.156073,0.218503,0.249717,0.06399,0.183646,0.439607,0.747071,0.103008,0,0,0.82,0.81,0,0,0,0,1,0,0,21870,0,0
3287691,0.862662,10,0,0,0,0,0,0.215666,0.323498,0.323498,0,0,0,0.77,0.84,0,0,0,0,1,0,0,21871,0,0
3287692,0.326429,12,0.021997,0.131979,0.263959,0.395938,0.074788,0.199729,0.419694,0.64142,0.1267,0,0,0.87,0.94,0,0,0,1,1,0,0,21872,0,0
3287693,0.529442,15,0.13236,0,0,0,0.013236,0.06618,0.357373,0.754454,0.026472,0,0,0.99,0.99,0,0,0,0,1,0,0,21873,0,0
3287694,0.123388,8,0,0.572871,0.572871,0.572871,0,0,0.008813,0.008813,0.008813,0,0,0.16,0.1,0,1,0,1,0,0,0,21874,0,0
3287695,0.015268,52,0,0.572557,0.572557,0.572557,0.007634,0.019085,0.072524,0.10306,0,0,0,0.07,0.2,0,1,0,0,0,0,0,21875,0,0
3287696,0.162565,8,0.006438,0.206022,0.437798,0.566562,0.019315,0.083697,0.315472,0.552076,0.082087,0,0,0.98,0.97,0,0,0,0,1,0,0,21876,0,0
3287697,1,8,0,0,0,0,0,0,0,0,0,0,0,0.96,0.96,0,0,0,0,1,0,0,21877,0,0
3287698,0.966092,52,0,0,0,0,0,0.069007,0.138013,0.20702,0,0,0,0.98,0.97,0,1,0,0,1,0,0,21878,0,0
3287699,0.139809,12,0,0.46603,0.46603,0.46603,0.037282,0.177091,0.279618,0.46603,0.027962,0,0,0.99,0.98,0,0,0,0,1,0,0,21879,0,0
3287700,0.203984,8,0.007437,0.180611,0.424967,0.658698,0.027623,0.124303,0.300664,0.44409,0.086056,0,0,0.46,0.65,0,0,0,0,1,0,0,21880,0,0
3287702,0.976481,8,0,0,0,0,0,0.024412,0.097648,0.12206,0.146472,0,0,0.7669,0.763186,0,1,0,1,1,0,0,21881,0,0
3287703,0.914991,8,0,0,0,0,0,0.152499,0.152499,0.304997,0.152499,0,0,0.8,0.86,0,0,0,1,1,0,0,21882,0,0
3287704,0.555841,52,0,0,0.225341,0.450682,0,0.060091,0.375568,0.540819,0,0,0,0.45,0.63,0,0,0,0,1,0,0,21883,0,0
3287705,0.247703,8,0.019371,0.14088,0.281761,0.422641,0.058272,0.196933,0.417904,0.663283,0.060332,0,0,1,0.99,0,0,0,0,1,0,0,21884,0,0
3287706,1,8,0,0,0,0,0,0,0,0,0,0,0,0.44,0.64,0,0,0,0,1,0,0,21885,0,0
3287707,0.998064,8,0,0,0,0,0.00371,0.022262,0.037103,0.044523,0,0,0,0.72,0.63,0,0,0,1,1,0,0,21886,0,0
3287708,0.999923,8,0,0,0,0,0,0.001172,0.003907,0.011722,0,0,0,0.7669,0.763186,0,0,0,0,1,0,0,21887,0,0
3287709,0.993462,8,0,0,0,0,0.014398,0.058312,0.059752,0.076309,0.005759,0,0,0.7669,1,0,0,0,0,1,0,0,21888,0,0
3287710,0.998969,8,0,0,0,0,0.004108,0.008627,0.021875,0.038205,0.005546,0,0,0.98,0.96,0,0,0,0,1,0,0,21889,0,0
3287711,0.896258,4,0,0,0,0,0,0.128037,0.128037,0.384111,0.128037,0,0,0.22,0.15,0,1,0,0,1,0,0,21890,0,0
3287712,0.905753,4,0,0,0,0,0,0.139347,0.278693,0.278693,0.069673,0,0,0.22,0.15,0,1,0,0,1,0,0,21891,0,0
3287713,0.166893,2,0,0.236288,0.459386,0.678755,0.045594,0.1689,0.323463,0.32633,0.053337,0,0,0.5,0.72,0,0,0,0,1,0,0,21892,0,0
3287714,0.99846,8,0,0,0,0,0,0,0,0,0.05547,0,0,0.7669,0.28,0,1,0,1,1,0,0,21893,0,0
3287715,0.146416,4,0.009328,0.215209,0.393695,0.572181,0.059057,0.185,0.355973,0.531259,0.055743,0,0,0.98,0.96,0,0,0,0,1,0,0,21894,0,0
3287716,0.257717,4,0.094651,0.451079,0.451079,0.451079,0.04789,0.147428,0.309666,0.4386,0.043755,0,0,0.98,0.96,0,0,0,0,1,0,0,21895,0,0
3287717,0.200507,4,0.002761,0.25883,0.51766,0.51766,0.043483,0.142529,0.296101,0.49402,0.054009,0,0,0.98,0.96,0,0,0,0,1,0,0,21896,0,0
3287718,0.880849,4,0.005457,0,0,0,0.017929,0.108352,0.229956,0.396772,0.041314,0,0,0.98,0.96,0,0,0,0,1,0,0,21897,0,0
3287719,0.932047,2,0.009905,0,0,0,0.021097,0.10093,0.210379,0.275454,0.020602,0,0,1,0.85,0,0,0,0,1,0,0,21898,0,0
3287720,0.73962,2,0,0,0,0,0.068404,0.24369,0.389049,0.48738,0,0,0,1,1,0,0,0,0,1,0,0,21899,0,0
3287721,0.999954,8,0,0,0,0,0,0.003039,0.006079,0.006079,0.003039,0,0,0.99,0.99,0,0,0,0,1,0,0,21900,0,0
3287722,0.999553,8,0,0,0,0,0,0.015723,0.017969,0.017969,0,0,0,0.7669,0.763186,0,1,0,0,1,0,0,21901,0,0
3287723,0.162196,12,0.274486,0,0.249533,0.249533,0.049907,0.199626,0.461635,0.711168,0.11229,0,0,0.73,0.79,0,0,0,1,1,0,0,21902,0,0
3287724,0.131804,8,0,0.329511,0.329511,0.659022,0.032951,0.065902,0.329511,0.461316,0.065902,0,0,0.06,0.21,0,0,0,0,1,0,0,21903,0,0
3287725,0.316228,12,0,0,0,0,0,0,0.632456,0.632456,0.316228,0,0,0.73,0.79,0,1,0,0,1,0,0,21904,0,0
3287726,1,12,0,0,0,0,0,0,0,0,0,0,0,0.73,0.79,0,1,0,0,1,0,0,21905,0,0
3287727,0.59588,12,0,0,0,0,0,0,0.425628,0.681005,0,0,0,0.73,0.79,0,0,0,0,1,0,0,21906,0,0
3287728,0.580381,16,0.018137,0,0.126958,0.253917,0,0.181369,0.380875,0.634792,0.036274,0,0,0.66,0.64,0,0,0,0,1,0,0,21907,0,0
3287729,1,8,0,0,0,0,0,0,0,0,0,0,0,0.7669,0.763186,0,1,0,0,1,0,0,21908,0,0
3287730,0.044598,8,0,0.356784,0.356784,0.713567,0.044598,0.142713,0.276507,0.367487,0.019623,0,0,0.06,0.21,0,0,0,0,1,0,0,21909,0,0
3287731,0.097168,8,0,0.194335,0.38867,0.583005,0.072876,0.223485,0.340086,0.534422,0.072876,0,0,0.66,0.64,0,0,0,1,1,0,0,21910,0,0
3287732,0.548821,8,0,0,0,0,0,0.109764,0.439057,0.548821,0.439057,0,0,0.7669,0.763186,0,1,0,0,1,0,0,21911,0,0
3287733,0.993884,52,0,0,0,0,0,0,0,0,0.110432,0,0,0.7669,0.763186,0,1,0,0,0,0,0,21912,0,0
3287734,0.072245,8,0.106892,0.163656,0.322889,0.464429,0.078142,0.256542,0.420935,0.622188,0.019904,0,0,0.55,0.4,0,0,0,0,1,0,0,21913,0,0
3287735,0.995964,17,0,0,0,0,0,0.025108,0.041847,0.075325,0,0,0,0.98,0.99,0,0,0,0,1,0,0,21914,0,0
3287736,0.999972,10,0,0,0,0,0,0.000675,0.002925,0.006863,0.000675,0,0,0.7669,0.763186,0,0,0,0,1,0,0,21915,0,0
3287737,0.805664,8,0,0,0,0,0,0.054437,0.269462,0.514427,0.10343,0,0,0.7669,0.763186,0,0,0,0,1,0,0,21916,0,0
3287738,0.942542,8,0,0,0,0,0.033662,0.117818,0.15148,0.235635,0.134649,0,0,0.98,0.93,0,0,0,0,1,0,0,21917,0,0
3287739,0.504486,8,0,0,0,0,0.041351,0.219162,0.384567,0.719512,0.173675,0,0,0.7669,0.763186,0,0,0,1,0,0,0,21918,0,0
3287740,0.145815,5,0.025216,0.17761,0.367279,0.516383,0.032891,0.138141,0.35193,0.632597,0.028505,0,0,0.73,0.7,0,0,0,0,1,0,0,21919,0,0
3287741,0.729325,8,0,0,0,0,0,0,0.437595,0.437595,0.29173,0,0,0.7669,0.763186,0,1,0,0,1,0,0,21920,0,0
3287742,0.293158,8,0,0,0,0,0.097719,0.195439,0.57003,0.732895,0.065146,0,0,0.7669,0.763186,0,0,0,0,0,0,0,21921,0,0
3287744,0.816497,8,0,0,0,0,0,0,0,0.408248,0.408248,0,0,0.83,0.72,0,0,0,0,1,0,0,21922,0,0
3287745,0.938147,8,0.006296,0,0,0,0.044074,0.088148,0.182592,0.258148,0.100741,0,0,0,0,0,0,0,0,1,0,0,21923,0,0
3287746,1,8,0,0,0,0,0,0,0,0,0,0,0,0.96,0.96,0,0,0,0,1,0,0,21924,0,0
3287747,1,17,0,0,0,0,0,0,0,0,0,0,0,0.97,0.98,0,0,0,0,1,0,0,21925,0,0
3287752,0.818488,8,0.023972,0,0,0,0.034246,0.123287,0.270546,0.42123,0.249999,0,0,1,0.99,0,0,0,0,1,0,0,21926,0,0
3287753,0.827034,8,0.040808,0,0,0,0.040808,0.157789,0.293815,0.446163,0.048969,0,0,0.81,0.56,0,0,0,0,1,0,0,21927,0,0
3287754,-0.092913,12,0,0.408154,0.408154,0.487794,0.008296,0.310263,0.33681,0.433041,0.073003,0,0,0,0,0.132733,0,0,0,1,0,0,21928,0,0
3287755,0.999815,13,0,0,0,0,0,0,0,0,0.019227,0,0,0.92,0.96,0,1,0,0,0,0,0,21929,0,0
3287756,0.131337,8,0.01214,0.280333,0.592672,0.592672,0.022073,0.114782,0.215216,0.373041,0.048562,0,0,1,1,0,0,0,0,1,0,0,21930,0,0
3287757,-0.163641,12,0,0.378419,0.450012,0.521604,0,0.102275,0.398874,0.398874,0,0,0,0.73,0.7,0.163641,0,0,0,1,0,0,21931,0,0
3287758,0.021577,12,0,0.237343,0.453108,0.668874,0.043153,0.215766,0.302072,0.388379,0,0,0,0.73,0.79,0,0,0,0,1,0,1,21932,246,36
3287759,0.330374,14,0.006742,0,0.224744,0.449488,0.042701,0.157321,0.373075,0.640521,0.249466,0,0,0.6,0.53,0,0,0,0,1,0,0,21933,0,0
3287760,0.990543,8,0,0,0,0,0.007988,0.039941,0.063906,0.111835,0.023965,0,0,0.7669,0.763186,0,1,0,0,1,0,0,21934,0,0
3287761,0.087491,8,0,0.145818,0.19248,0.309134,0.011665,0.122487,0.577439,0.699926,0,0,0,1,0.92,0,0,0,0,1,0,0,21935,0,0
3287762,0.050702,8,0,0.202808,0.354914,0.50702,0.152106,0.25351,0.405616,0.557722,0.101404,0,0,0.54,0.73,0,0,0,0,1,0,0,21936,0,0
3287763,0.999788,8,0,0,0,0,0,0,0,0,0.020614,0,0,0,0.25,0,0,0,1,0,0,0,21937,0,0
3287764,0.952579,12,0,0,0,0,0,0,0.136083,0.272166,0,0,0,0.11,0.13,0,0,0,0,1,0,0,21938,0,0
3287766,0.136021,8,0,0.194757,0.392606,0.547175,0.058736,0.176209,0.383332,0.547175,0.095833,0,0,0.97,0.99,0,0,0,0,1,0,0,21939,0,0
3287767,0.991454,9,0,0,0,0,0.065227,0.065227,0.065227,0.065227,0,0,0,0.85,0.82,0,0,0,0,1,0,0,21940,0,0
3287768,0.997543,2,0,0,0,0,0.007864,0.026586,0.041939,0.048679,0.00337,0,0,0.98,0.98,0,0,0,0,1,0,0,21941,0,0
3287769,0,8,0,0.351123,0.468165,0.585206,0.117041,0.234082,0.351123,0.351123,0,0,0,1,1,0,0,0,0,1,0,1,21942,325,31
3287770,0.10413,2,0.011769,0.376097,0.376097,0.752195,0.029167,0.106177,0.194445,0.298831,0.033004,0,0,0.98,0.99,0,0,0,0,1,0,0,21943,0,0
3287771,0.182771,8,0,0.160838,0.324601,0.464968,0.029243,0.193006,0.364079,0.666747,0.062873,0,0,0.88,0.91,0,0,0,0,1,0,0,21944,0,0
3287773,0.994584,12,0,0,0,0,0.013532,0.054127,0.054127,0.067659,0.013532,0,0,0.7669,1,0,0,0,0,1,0,0,21945,0,0
3287774,0.362976,9,0,0.038208,0.267456,0.534913,0.019104,0.076416,0.324768,0.630433,0,0,0,0.7,0.66,0,0,0,0,1,0,0,21946,0,0
3287775,0.379106,4,0.162474,0.216632,0.433264,0.676975,0.013539,0.135395,0.189553,0.284329,0.040618,0,0,0.81,0.91,0,0,0,0,1,0,0,21947,0,0
3287776,0.707107,2,0,0,0,0,0,0.353553,0.353553,0.353553,0.353553,0,0,0.61,0.68,0,1,0,0,1,0,0,21948,0,0
3287778,0.999614,2,0,0,0,0,0,0,0,0,0.027767,0,0,1,0.79,0,0,0,0,1,0,0,21949,0,0
3287779,0.999308,9,0,0,0,0,0,0,0.026298,0.026298,0,0,0,0.94,0.83,0,1,0,0,1,0,0,21950,0,0
3287780,0.974481,2,0,0,0,0,0,0.055685,0.139212,0.167054,0,0,0,0.99,0.99,0,0,0,0,1,0,0,21951,0,0
3287781,0.1875,2,0,0.0625,0.25,0.375,0.0625,0.1875,0.375,0.75,0.125,0,0,0.97,0.9,0,0,0,0,1,0,0,21952,0,0
3287782,0.163984,2,0.20498,0.163984,0.327968,0.491952,0,0.20498,0.286972,0.655936,0,0,0,0,0,0,0,0,0,1,0,0,21953,0,0
3287783,0.801784,4,0,0,0,0,0,0,0.267261,0.534522,0,0,0,0.73,0.78,0,0,0,0,1,0,0,21954,0,0
3287784,0.110154,3,0.027308,0.183334,0.396277,0.553684,0.058912,0.23703,0.374492,0.535887,0.053236,0,0,1,0.95,0,0,0,0,1,0,0,21955,0,0
3287785,0.008709,2,0.130632,0.130632,0.261265,0.391897,0.087088,0.191594,0.461568,0.696707,0.034835,0,0,0.98,0.95,0,0,0,0,1,0,0,21956,0,0
3287786,0.402911,9,0,0,0.080582,0.161165,0.161165,0.161165,0.322329,0.805823,0,0,0,0.94,0.83,0,1,0,0,1,0,0,21957,0,0
3287787,0.043492,2,0.036243,0.253703,0.507405,0.761108,0.069768,0.148597,0.179404,0.191183,0,0,0,0.97,0.92,0,1,0,1,1,0,0,21958,0,0
3287788,0.544279,8,0.158016,0.158016,0.316033,0.316033,0.043893,0.175574,0.342369,0.5355,0.13168,0,0,0.86,0.67,0,0,0,0,1,0,0,21959,0,0
3287789,0.985329,9,0,0,0,0,0,0.098533,0.098533,0.098533,0,0,0,0.94,0.83,0,1,0,0,1,0,0,21960,0,0
3287790,0.98387,9,0,0,0,0,0,0,0,0.178885,0,0,0,0.94,0.83,0,1,0,0,1,0,0,21961,0,0
3287791,0.355784,2,0,0.071157,0.284627,0.569254,0.071157,0.21347,0.355784,0.533676,0.035578,0,0,0,0,0,0,0,0,1,0,0,21962,0,0
3287792,0.94388,9,0,0,0,0,0,0.13484,0.13484,0.26968,0,0,0,0.94,0.83,0,1,0,0,1,0,0,21963,0,0
3287793,0.991725,8,0,0,0,0,0,0,0.090157,0.090157,0.015026,0,0,0.93,0.87,0,1,0,0,1,0,0,21964,0,0
3287794,0.193207,2,0,0,0,0,0.04532,0.226601,0.493752,0.815765,0.002385,0,0,0.7669,0.763186,0,0,0,0,1,0,0,21965,0,0
3287795,0.995574,12,0,0,0,0,0.022627,0.022627,0.056567,0.06788,0,0,0,0.94,0.87,0,0,0,1,1,0,0,21966,0,0
3287796,1,52,0,0,0,0,0,0,0,0,0,0,0,0.94,0.87,0,1,0,0,0,0,0,21967,0,0
3287797,0.980228,12,0,0,0,0,0.047816,0.05977,0.095632,0.155402,0,0,0,0.94,0.87,0,0,0,0,1,0,0,21968,0,0
3287798,0.999216,12,0,0,0,0,0,0.009828,0.019657,0.032761,0.003276,0,0,0.57,0.68,0,0,0,0,1,0,0,21969,0,0
3287799,0.093131,2,0.040014,0.206854,0.376267,0.547553,0.076283,0.203344,0.348188,0.577037,0.064583,0,0,1,0.99,0,0,0,0,1,0,0,21970,0,0
3287800,0.002772,8,0,0.42413,0.640354,0.640354,0,0,0,0,0,0,0,0.96,0.96,0,0,0,0,1,0,0,21971,0,0
3287801,0.995795,8,0,0,0,0,0,0,0.020746,0.051864,0.07261,0,0,0.7669,0.763186,0,1,0,0,1,0,0,21972,0,0
3287802,0.334401,2,0.149242,0.147602,0.295204,0.590408,0.047397,0.143502,0.338665,0.514475,0.078557,0,0,1,1,0,0,0,0,1,0,0,21973,0,0
3287803,1,8,0,0,0,0,0,0,0,0,0,0,0,0.83,0.86,0,1,0,0,1,0,0,21974,0,0
3287804,0.157604,8,0,0.170455,0.340911,0.568184,0.036526,0.179925,0.372702,0.574949,0.06223,0,0,0.99,0.98,0,0,0,0,1,0,0,21975,0,0
3287805,0.792854,52,0.014682,0,0,0,0.014682,0.124801,0.300991,0.499204,0.124801,0,0,0.22,0.16,0,1,0,0,1,0,0,21976,0,0
3287806,0.995037,8,0,0,0,0,0,0,0,0,0.099504,0,0,0.94,0.8,0,0,0,1,0,0,0,21977,0,0
3287807,0.301511,8,0,0,0.301511,0.904534,0,0,0,0,0,0,0,1,0.98,0,0,0,0,1,0,0,21978,0,0
3287808,0.815598,12,0,0,0,0,0.035461,0.106382,0.265956,0.496451,0.070922,0,0,1,1,0,0,0,0,1,0,0,21979,0,0
3287809,0.980196,12,0,0,0,0,0,0,0.140028,0.140028,0,0,0,0.98,0.98,0,0,0,0,1,0,0,21980,0,0
3287810,0.926296,8,0,0,0,0,0.027244,0.076283,0.168913,0.326928,0,0,0,0.7669,0.763186,0,1,0,0,1,0,0,21981,0,0
3287811,1,8,0,0,0,0,0,0,0,0,0,0,0,0.99,0.99,0,0,0,0,1,0,0,21982,0,0
3287812,0.99699,8,0,0,0,0,0,0.024516,0.032688,0.065376,0.008172,0,0,0.7669,1,0,0,0,0,1,0,0,21983,0,0
3287813,0.983674,8,0,0,0,0,0,0,0.05621,0.16863,0.028105,0,0,0.98,0.99,0,1,0,1,1,0,0,21984,0,0
3287814,0.998877,52,0,0,0,0,0,0,0.026286,0.039429,0,0,0,0.99,0.94,0,1,0,0,1,0,0,21985,0,0
3287815,0.388514,8,0,0.194257,0.388514,0.485643,0,0,0.291386,0.582772,0,0,0,0.9,0.94,0,0,0,0,1,0,0,21986,0,0
3287816,0.999923,8,0,0,0,0,0,0.006896,0.006896,0.006896,0.003448,0,0,1,0.98,0,0,0,0,1,0,0,21987,0,0
3287817,1,8,0,0,0,0,0,0,0,0,0,0,0,0.99,0.99,0,0,0,0,1,0,0,21988,0,0
3287818,0.707107,8,0,0,0,0,0,0,0,0.707107,0,0,0,1,1,0,0,0,0,1,0,0,21989,0,0
3287819,0.129397,8,0.016175,0.185038,0.364252,0.520176,0.049818,0.185685,0.381721,0.597814,0.073756,0,0,0.82,0.91,0,0,0,0,1,0,0,21990,0,0
3287820,0.87017,8,0,0,0,0,0.063285,0.12657,0.25314,0.395532,0.047464,0,0,0.95,0.95,0,1,0,0,1,0,0,21991,0,0
3287821,1,8,0,0,0,0,0,0,0,0,0,0,0,0.97,0.95,0,0,0,0,1,0,0,21992,0,0
3287822,1,8,0,0,0,0,0,0,0,0,0,0,0,0.7669,0.763186,0,1,0,0,1,0,0,21993,0,0
3287823,1,8,0,0,0,0,0,0,0,0,0,0,0,0.59,0.71,0,0,0,0,1,0,0,21994,0,0
3287824,0.99349,8,0,0,0,0,0,0,0,0.080553,0.080553,0,0,1,0.99,0,1,0,0,1,0,0,21995,0,0
3287825,0.316256,8,0.01506,0.090359,0.316256,0.451794,0.03514,0.135538,0.436734,0.607412,0.090359,0,0,0.9,0.86,0,0,0,0,1,0,0,21996,0,0
3287826,0.020978,8,0.006293,0.444724,0.444724,0.444724,0.081812,0.207678,0.32725,0.499266,0,0,0,0,0.1,0,0,0,0,1,0,0,21997,0,0
3287827,0.83205,8,0,0,0,0,0,0,0,0,0.5547,0,0,0.98,0.99,0,0,0,0,0,0,0,21998,0,0
3287828,0,8,0,0,0,0,0,0,0,0,0,0,0,0.78,0.75,0,0,0,0,1,0,0,21999,0,0
3287829,0.235521,8,0,0.196267,0.392534,0.588802,0.078507,0.196267,0.314027,0.510295,0.039253,0,0,0.97,0.98,0,0,0,0,1,0,0,22000,0,0
3287830,0.275046,8,0.137523,0.275046,0.412568,0.550091,0.034381,0.206284,0.378188,0.412568,0,0,0,0.99,0.99,0,0,0,0,1,0,0,22001,0,0
3287831,0.569501,8,0,0.1675,0.1675,0.335001,0.075375,0.18425,0.385251,0.552751,0.11725,0,0,1,0.99,0,0,0,0,1,0,0,22002,0,0
3287832,0.085227,8,0.060452,0.322409,0.487577,0.58833,0.064416,0.150964,0.260636,0.45091,0.055497,0,0,0.71,0.77,0,0,0,0,1,0,0,22003,0,0
3287833,0.35427,8,0,0.08435,0.1687,0.42175,0.042175,0.160265,0.472359,0.632624,0.10122,0,0,0.88,0.89,0,0,0,1,1,0,0,22004,0,0
3287834,0.845408,8,0,0,0,0,0.01936,0.122616,0.25814,0.438838,0.103256,0,0,0.7669,0.763186,0,1,0,0,1,0,0,22005,0,0
3287835,0.27735,8,0,0.27735,0.5547,0.5547,0,0.27735,0.27735,0.27735,0,0,0,0.99,0.99,0,0,0,0,1,0,1,22006,200,21
3287836,0.878114,10,0,0,0,0,0.109764,0.109764,0.109764,0.439057,0,0,0,0.89,0.9,0,0,0,0,1,0,0,22007,0,0
3287837,1,8,0,0,0,0,0,0,0,0,0,0,0,0.99,0.99,0,0,0,0,1,0,0,22008,0,0
3287838,0.342244,9,0,0,0.15342,0.306839,0.094412,0.224229,0.413053,0.731694,0,0,0,0.99,0.99,0,0,0,0,1,0,0,22009,0,0
3287839,1,8,0,0,0,0,0,0,0,0,0,0,0,0.97,0.97,0,0,0,0,1,0,0,22010,0,0
3287840,0.95354,52,0,0,0,0,0.007335,0.051344,0.132029,0.234717,0.124694,0,0,0.93,0.96,0,1,0,0,1,0,0,22011,0,0
3287841,0.420544,8,0,0.229388,0.229388,0.458776,0.076463,0.184785,0.344082,0.567098,0.165669,0,0,1,0.97,0,0,0,0,1,0,0,22012,0,0
3287842,1,12,0,0,0,0,0,0,0,0,0,0,0,0.63,0.57,0,0,0,0,1,0,0,22013,0,0
3287843,0.178548,8,0.015518,0.155801,0.344258,0.528227,0.056244,0.173843,0.393086,0.595814,0.056338,0,0,0.96,0.96,0,0,0,0,1,0,0,22014,0,0
3287844,1,8,0,0,0,0,0,0,0,0,0,0,0,0.99,0.99,0,0,0,0,1,0,0,22015,0,0
3287845,0.995547,52,0,0,0,0,0,0.020153,0.044336,0.080611,0.004031,0,0,0.97,0.97,0,1,0,0,1,0,0,22016,0,0
3287846,1,2,0,0,0,0,0,0,0,0,0,0,0,0.7,0.77,0,0,0,0,1,0,0,22017,0,0
3287847,0.354677,8,0,0.030185,0.199977,0.365996,0.049051,0.173565,0.411274,0.701807,0.07169,0,0,0.97,0.98,0,0,0,0,1,0,0,22018,0,0
3287848,1,8,0,0,0,0,0,0,0,0,0,0,0,0.7669,0.763186,0,1,0,0,1,0,0,22019,0,0
3287849,0.883452,9,0,0,0,0,0.110432,0.220863,0.220863,0.331295,0,0,0,0.99,0.99,0,0,0,0,1,0,0,22020,0,0
3287850,0.059405,8,0.032672,0.187124,0.33606,0.483086,0.050812,0.180017,0.410952,0.639553,0.03437,0,0,0.92,0.94,0,0,0,0,1,0,0,22021,0,0
3287851,0.999568,8,0,0,0,0,0,0,0,0.029399,0,0,0,0.7669,0.763186,0,1,0,0,1,0,0,22022,0,0
3287852,0.452267,8,0,0,0.150756,0.301511,0.150756,0.301511,0.452267,0.603023,0,0,0,0.91,0.95,0,0,0,0,1,0,0,22023,0,0
3287853,0.998458,8,0,0,0,0,0,0,0.021864,0.051016,0,0,0,0.7669,0.763186,0,1,0,1,1,0,0,22024,0,0
3287854,0.867722,8,0,0,0,0,0,0,0.108465,0.433861,0.21693,0,0,0.98,0.99,0,1,0,0,1,0,0,22025,0,0
3287855,0.937043,8,0,0,0,0,0,0,0,0.156174,0.312348,0,0,0.7669,0.763186,0,0,0,0,1,0,0,22026,0,0
3287856,1,8,0,0,0,0,0,0,0.000548,0.000548,0.000274,0,0,0.06,0.21,0,0,0,1,1,0,0,22027,0,0
3287857,0.419029,12,0,0.214387,0.214387,0.428774,0.082831,0.224132,0.370305,0.584691,0.112066,0,0,0.57,0.68,0,0,0,1,1,0,0,22028,0,0
3287858,0.358202,9,0.005045,0,0,0.50451,0.151353,0.282526,0.428834,0.565052,0.105947,0,0,0.92,0.96,0,0,0,0,1,0,0,22029,0,0
3287859,-0.102396,9,0,0.262134,0.368627,0.508909,0.022527,0.267254,0.381938,0.544748,0.029695,0,0,0.58,0.45,0.102396,1,0,0,0,0,0,22030,0,0
3287860,0.168216,8,0,0,0,0,0.067286,0.201859,0.521469,0.807436,0.050465,0,0,0.7669,0.763186,0,0,0,0,0,0,0,22031,0,0
3287861,0.722315,13,0,0,0,0,0,0,0.240772,0.240772,0.601929,0,0,0.95,0.97,0,1,0,0,1,0,0,22032,0,0
3287862,0.318788,8,0.637577,0,0,0,0,0.127515,0.382546,0.573819,0,0,0,0.64,0.48,0,0,0,0,1,0,0,22033,0,0
3287863,0.76324,8,0,0,0,0,0.039141,0.215273,0.332694,0.508827,0,0,0,0.21,0.32,0,0,0,0,1,0,1,22034,456,5
3287864,0,8,0,0,0,0,0,0,0,0,0,0,0,0.97,0.97,0,0,0,0,1,0,0,22035,0,0
3287865,0.922462,8,0,0,0,0,0.031809,0.109886,0.190854,0.297848,0.104102,0,0,0.72,0.6,0,0,0,0,1,0,0,22036,0,0
3287866,0.684105,8,0,0,0,0,0.061394,0.140329,0.359594,0.60517,0.114018,0,0,0.98,0.97,0,0,0,0,1,0,0,22037,0,0
3287867,0.286834,8,0.055773,0.143417,0.286834,0.478057,0.075692,0.191223,0.406349,0.605539,0.095611,0,0,0.95,0.97,0,0,0,0,1,0,0,22038,0,0
3287868,0.294232,8,0,0,0.336265,0.336265,0.084066,0.210166,0.420331,0.67253,0.084066,0,0,0.74,0.71,0,0,0,0,1,0,0,22039,0,0
3287869,0.997861,8,0,0,0,0,0,0.009155,0.045773,0.045773,0,0,0,0.7669,0.763186,0,1,0,1,1,0,0,22040,0,0
3287870,0.7698,8,0,0,0,0,0,0,0.19245,0.57735,0.19245,0,0,0.94,0.94,0,0,0,0,1,0,0,22041,0,0
3287871,0.114238,8,0.003939,0.262616,0.525233,0.525233,0.038079,0.152318,0.319079,0.488467,0.03414,0,0,0.85,0.85,0,0,0,0,1,0,0,22042,0,0
3287872,0.179569,8,0.027043,0.268271,0.496518,0.550064,0.015685,0.060036,0.247177,0.52897,0.034616,0,0,0.98,0.92,0,0,0,0,1,0,0,22043,0,0
3287873,0.999682,8,0,0,0,0,0,0.004513,0.01354,0.02031,0.004513,0,0,0.92,0.95,0,0,0,0,1,0,0,22044,0,0
3287874,0.994447,8,0,0,0,0,0,0.039778,0.039778,0.039778,0.079556,0,0,0.7669,0.763186,0,1,0,0,0,0,0,22045,0,0
3287875,0.474848,8,0,0,0.154005,0.30801,0.051335,0.171116,0.434208,0.641687,0.154005,0,0,0.88,0.94,0,0,0,0,1,0,0,22046,0,0
3287876,1,12,0,0,0,0,0,0,0,0,0,0,0,0.73,0.79,0,1,0,0,1,0,0,22047,0,0
3287877,0.999512,8,0,0,0,0,0,0,0,0,0.031235,0,0,0.98,0.98,0,0,0,0,1,0,0,22048,0,0
3287878,1,8,0,0,0,0,0,0,0,0,0,0,0,0.37,0.34,0,0,0,1,1,0,0,22049,0,0
3287879,0.173458,2,0.053099,0.212398,0.318597,0.530994,0.106199,0.223018,0.375236,0.573474,0.088499,0,0,0.94,0.95,0,0,0,0,1,0,0,22050,0,0
3287880,0.732601,12,0.005171,0,0,0,0.058608,0.187891,0.339582,0.549882,0.082741,0,0,0.92,0.9,0,0,0,1,1,0,0,22051,0,0
3287881,0.299158,2,0.19015,0.191789,0.383578,0.383578,0.0418,0.171299,0.390135,0.596676,0.06311,0,0,0.76,0.81,0,0,0,0,1,0,0,22052,0,0
3287882,0.521575,8,0,0,0.154541,0.309081,0.028976,0.144882,0.376693,0.656798,0.115906,0,0,0.99,0.99,0,0,0,1,1,0,0,22053,0,0
3287883,0.292857,8,0,0,0.292857,0.292857,0.067582,0.225274,0.461812,0.687087,0.045055,0,0,0.98,0.98,0,0,0,1,1,0,0,22054,0,0
3287884,0.821995,12,0,0,0,0.164399,0,0.164399,0.164399,0.493197,0,0,0,0.75,0.67,0,0,0,1,1,0,0,22055,0,0
3287885,1,8,0,0,0,0,0,0,0,0,0,0,0,1,0.98,0,0,0,0,1,0,0,22056,0,0
3287886,0,9,0.138013,0.20702,0.345033,0.552052,0.069007,0.20702,0.483046,0.483046,0,0,0,0.7,0.77,0,0,0,0,1,0,0,22057,0,0
3287888,0,9,0,0.288675,0.3849,0.481125,0.19245,0.19245,0.481125,0.481125,0,0,0,0.93,0.78,0,0,0,0,1,0,0,22058,0,0
3287889,1,8,0,0,0,0,0,0,0,0,0,0,0,0.7669,0.763186,0,1,0,1,1,0,0,22059,0,0
3287890,0.707107,12,0,0,0,0,0,0,0,0,0.707107,0,0,0.99,0.99,0,0,0,0,1,0,0,22060,0,0
3287891,0.339119,8,0,0,0.484456,0.484456,0.048446,0.10658,0.310052,0.542591,0.10658,0,0,1,1,0,0,0,0,1,0,0,22061,0,0
3287892,0.087644,8,0.050082,0.193174,0.386347,0.555374,0.054107,0.167238,0.372038,0.568789,0.044269,0,0,0.98,0.92,0,0,0,0,1,0,0,22062,0,0
3287893,0.87519,8,0,0,0,0,0,0,0.145865,0.437595,0.145865,0,0,0.67,0.42,0,0,0,0,1,0,0,22063,0,0
3287894,0.314533,8,0.096107,0.104844,0.244637,0.349482,0.104844,0.209689,0.480537,0.637804,0.078633,0,0,0.96,0.94,0,0,0,0,1,0,0,22064,0,0
3287895,1,9,0,0,0,0,0,0,0,0,0,0,0,0.93,0.89,0,0,0,0,1,0,0,22065,0,0
3287896,1,12,0,0,0,0,0,0,0,0,0,0,0,0.92,0.9,0,0,0,0,1,0,0,22066,0,0
3287897,0.999937,2,0,0,0,0,0,0,0,0,0.011235,0,0,1,0.99,0,1,0,0,1,0,0,22067,0,0
3287898,0.999955,8,0,0,0,0,0,0,0,0.008438,0.004219,0,0,0.35,0.68,0,1,0,0,1,0,0,22068,0,0
3287899,0.904534,8,0,0,0,0,0,0,0,0.301511,0.301511,0,0,0.99,0.99,0,0,0,0,1,0,0,22069,0,0
3287900,0.707107,9,0,0,0,0,0,0,0,0,0.707107,0,0,0.99,0.99,0,0,0,0,1,0,0,22070,0,0
3287901,1,12,0,0,0,0,0,0,0,0,0,0,0,0.57,0.68,0,1,0,0,1,0,0,22071,0,0
3287902,1,12,0,0,0,0,0,0,0,0,0,0,0,0.73,0.79,0,0,0,0,1,0,0,22072,0,0
3287903,1,9,0,0,0,0,0,0,0,0,0,0,0,0.93,0.89,0,0,0,0,1,0,0,22073,0,0
3287904,0.292103,9,0,0,0.292103,0.584206,0,0.175262,0.408944,0.525786,0.116841,0,0,0.99,0.99,0,0,0,0,1,0,0,22074,0,0
3287905,0.422829,8,0,0,0,0,0.155037,0.310075,0.4933,0.676526,0,0,0,0.99,0.99,0,0,0,0,1,0,0,22075,0,0
3287906,0.019277,8,0.003213,0.27951,0.459425,0.639339,0.028915,0.115659,0.311638,0.43051,0.070681,0,0,0.36,0.44,0,1,0,0,1,0,0,22076,0,0
3287907,0.223835,8,0,0,0.399706,0.399706,0.055959,0.175871,0.471653,0.599559,0.119912,0,0,0.98,0.99,0,0,0,0,1,0,0,22077,0,0
3287908,0.061401,8,0,0.286537,0.458458,0.63038,0.040934,0.192389,0.298817,0.421618,0.028654,0,0,0.83,0.7,0,0,0,0,1,0,0,22078,0,0
3287909,0,8,0,0.293357,0.4107,0.586715,0.058671,0.322693,0.352029,0.4107,0.029336,0,0,0.7669,0.763186,0,0,0,0,1,0,1,22079,256,30
3287910,0.065748,8,0,0.197243,0.328739,0.460234,0,0.438318,0.460234,0.48215,0.021916,0,0,0.97,0.98,0,0,0,0,1,0,0,22080,0,0
3287911,0.339179,9,0,0.155945,0.155945,0.311889,0.042885,0.210525,0.479529,0.67446,0.089668,0,0,0.95,0.89,0,0,0,0,1,0,0,22081,0,0
3287912,0.968751,8,0,0,0,0,0,0.096875,0.161458,0.161458,0,0,0,0.87,0.88,0,1,0,0,1,0,0,22082,0,0
3287913,0.294504,8,0.12271,0.12271,0.36813,0.49084,0.049084,0.200426,0.359949,0.568556,0.106349,0,0,0.99,0.98,0,0,0,0,1,0,0,22083,0,0
3287914,0.999994,52,0,0,0,0,0.00061,0.00061,0.002034,0.002644,0.000203,0,0,0.7669,0.763186,0,1,0,1,0,0,0,22084,0,0
3287915,0.989424,8,0,0,0,0.030744,0.006942,0.032066,0.075041,0.11405,0.019504,0,0,0.92,0.64,0,0,0,0,1,0,0,22085,0,0
3287916,0.904534,8,0,0,0,0,0,0,0.301511,0.301511,0,0,0,0.87,0.8,0,0,0,0,1,0,0,22086,0,0
3287917,0,8,0,0,0,0,0,0,0,0,0,0,0,0.7669,0.763186,0,0,0,1,1,0,0,22087,0,0
3287919,0.998568,17,0,0,0,0,0,0,0.035663,0.035663,0.017832,0,0,0,0,0,0,0,0,1,0,0,22088,0,0
3287920,0.999592,8,0,0,0,0,0,0,0,0.02856,0,0,0,0.68,0.75,0,0,0,0,1,0,0,22089,0,0
3287921,0.904534,2,0,0,0,0,0,0,0.301511,0.301511,0,0,0,0.99,0.99,0,0,0,0,1,0,0,22090,0,0
3287922,0.408749,16,0,0,0.421135,0.421135,0.049545,0.198181,0.334431,0.569771,0,0,0,0.92,0.94,0,0,0,0,1,0,0,22091,0,0
3287923,0.365597,8,0,0,0,0,0.102367,0.277854,0.555708,0.672699,0.131615,0,0,0.7669,0.763186,0,0,0,0,0,0,0,22092,0,0
3287924,0.645497,8,0,0,0,0,0,0.129099,0.387298,0.645497,0,0,0,0.99,0.96,0,0,0,0,1,0,0,22093,0,0
3287925,0.298142,8,0,0.074536,0.223607,0.447214,0.074536,0.298142,0.447214,0.596285,0.074536,0,0,0.99,0.99,0,0,0,0,1,0,0,22094,0,0
3287926,1,9,0,0,0,0,0,0,0,0,0,0,0,0.99,0.99,0,0,0,0,1,0,0,22095,0,0
3287927,0.707107,2,0,0,0,0,0,0,0,0,0.707107,0,0,0.97,0.97,0,0,0,0,1,0,0,22096,0,0
3287928,0.997785,14,0,0,0,0,0,0,0,0,0.066519,0,0,0.99,0.99,0,0,0,0,1,0,0,22097,0,0
3287929,1,8,0,0,0,0,0,0,0,0,0,0,0,0.7669,0.763186,0,1,0,0,1,0,0,22098,0,0
3287930,0.707107,8,0,0,0,0,0,0,0,0,0.707107,0,0,0.7669,0.763186,0,1,0,0,1,0,0,22099,0,0
3287931,0.139932,8,0,0.201152,0.349829,0.349829,0.087457,0.24488,0.489761,0.612201,0.113694,0,0,0.78,0.75,0,0,0,1,1,0,0,22100,0,0
3287932,0.870388,8,0,0,0,0,0,0,0.348155,0.348155,0,0,0,0.99,0.99,0,0,0,1,1,0,0,22101,0,0
3287933,0.052756,8,0,0.303348,0.455022,0.606696,0.026378,0.145079,0.316537,0.455022,0.032973,0,0,0.78,0.75,0,0,0,0,1,0,0,22102,0,0
3287934,0.416667,8,0,0,0.166667,0.416667,0,0.083333,0.5,0.583333,0.166667,0,0,0.98,0.97,0,0,0,0,1,0,0,22103,0,0
3287935,0.122691,8,0.026291,0.175273,0.350547,0.543348,0.040897,0.176004,0.363692,0.606154,0.055503,0,0,0.98,0.96,0,0,0,0,1,0,0,22104,0,0
3287936,0.111618,8,0.048833,0.209284,0.376712,0.523211,0.055809,0.188356,0.369735,0.585996,0.083714,0,0,0.97,0.97,0,0,0,0,1,0,0,22105,0,0
3287937,0.123467,8,0.060358,0.290956,0.546316,0.773302,0,0,0,0,0,0,0,0.97,0.96,0,0,0,0,1,0,0,22106,0,0
3287938,0.917663,8,0,0,0,0,0,0.229416,0.229416,0.229416,0,0,0,0.7669,0.763186,0,1,0,0,1,0,0,22107,0,0
3287939,0.997054,52,0,0,0,0,0,0,0,0,0.076696,0,0,0.33,0.65,0,1,0,0,0,0,0,22108,0,0
3287940,0.256501,8,0,0.064125,0.064125,0.096188,0.048094,0.224439,0.496971,0.785535,0,0,0,0.87,0.88,0,0,0,0,1,0,0,22109,0,0
3287941,0.113364,2,0.056682,0.170046,0.340092,0.510138,0.170046,0.28341,0.340092,0.595161,0,0,0,0.78,0.83,0,0,0,0,1,0,0,22110,0,0
3287942,0.603703,8,0,0,0,0.054882,0.054882,0.054882,0.439057,0.658586,0,0,0,0.95,0.96,0,0,0,0,1,0,0,22111,0,0
3287943,0.449013,8,0,0,0,0,0,0.269408,0.269408,0.808224,0,0,0,0.52,0.67,0,1,0,0,1,0,0,22112,0,0
3287944,0.992434,12,0,0,0,0,0,0,0.070888,0.070888,0.070888,0,0,0.92,0.9,0,1,0,1,1,0,0,22113,0,0
3287945,0.995832,52,0,0,0,0,0.005332,0.022663,0.050658,0.071988,0.005332,0,0,0.91,0.85,0,1,0,0,0,0,0,22114,0,0
3287946,1,12,0,0,0,0,0,0,0,0,0,0,0,0.77,0.73,0,0,0,0,1,0,0,22115,0,0
3287947,1,8,0,0,0,0,0,0,0,0,0,0,0,0.7669,0.763186,0,0,0,0,1,0,0,22116,0,0
3287948,0.287319,12,0.005144,0,0.205753,0.37403,0.030863,0.191791,0.429142,0.714992,0.04556,0,0,0.93,0.74,0,0,0,0,1,0,0,22117,0,0
3287949,0.998891,52,0,0,0,0,0,0,0,0.033296,0.033296,0,0,0.7669,0.763186,0,1,0,0,1,0,0,22118,0,0
3287950,0.992557,8,0,0,0,0,0,0.025781,0.045116,0.103123,0.038671,0,0,0.91,0.81,0,0,0,0,1,0,0,22119,0,0
3287951,0.359085,11,0,0.109924,0.219848,0.329772,0.010992,0.128245,0.454353,0.677865,0.139237,0,0,0.85,0.8,0,0,0,0,1,0,0,22120,0,0
3287952,0.188877,8,0.005353,0.098644,0.224817,0.360166,0.054292,0.159819,0.498573,0.704273,0.035175,0,0,0.95,0.95,0.001529,0,0,0,1,0,0,22121,0,0
3287953,0.154303,0,0,0.154303,0.46291,0.617213,0,0.154303,0.308607,0.46291,0.154303,0,0,0,0,0,0,0,0,0,0,0,22122,0,0
3287954,0.928477,8,0,0,0,0.371391,0,0,0,0,0,0,0,0.67,0.81,0,0,0,0,1,0,0,22123,0,0
3287955,0,8,0.326077,0,0.668459,0.668459,0,0,0,0,0,0,0,0.67,0.81,0,0,0,0,1,0,0,22124,0,0
3287956,0.923459,8,0,0,0,0,0,0.0506,0.227702,0.303603,0.0253,0,0,0.7669,0.763186,0,0,0,0,0,0,0,22125,0,0
3287957,0.718185,3,0,0,0,0.205196,0,0,0.410391,0.512989,0.102598,0,0,0.99,0.99,0,0,0,0,1,0,0,22126,0,0
3287958,0.426327,8,0.134415,0,0.122196,0.122196,0.05974,0.175147,0.453482,0.727743,0.028512,0,0,0.61,0.6,0,0,0,0,1,0,0,22127,0,0
3287959,0.938882,8,0,0,0,0,0.069547,0.139094,0.173867,0.243414,0.069547,0,0,0.77,0.86,0,0,0,0,1,0,0,22128,0,0
3287960,1,8,0,0,0,0,0,0,0,0,0,0,0,0.7669,0.763186,0,0,0,1,1,0,0,22129,0,0
3287961,1,8,0,0,0,0,0,0,0,0,0,0,0,0.83,0.92,0,0,0,0,1,0,0,22130,0,0
3287962,1,9,0,0,0,0,0,0,0,0,0,0,0,0.99,0.99,0,0,0,1,1,0,0,22131,0,0
3287963,0.980977,8,0,0,0,0,0,0.037018,0.092545,0.166581,0,0,0,0.78,0.75,0,0,0,0,1,0,0,22132,0,0
3287964,0.00744,8,0,0.576623,0.576623,0.576623,0.00744,0.018601,0.026041,0.037201,0,0,0,0.5,0.52,0,1,0,0,0,0,0,22133,0,0
3287965,0.144105,8,0.018463,0,0,0,0.067999,0.23372,0.503466,0.812841,0.073854,0,0,0.7669,0.763186,0,0,0,1,0,0,0,22134,0,0
3287966,0.999995,8,0,0,0,0,0,0,0.002022,0.002022,0.001011,0,0,0.7669,0.763186,0,0,0,0,0,0,0,22135,0,0
3287967,0.848764,8,0,0,0,0,0.029437,0.122654,0.260026,0.436647,0.073592,0,0,0.99,0.98,0,0,0,0,1,0,0,22136,0,0
3287968,0.996811,8,0,0,0,0,0,0,0.025891,0.064728,0.038837,0,0,0.87,0.8,0,0,0,0,1,0,0,22137,0,0
3287969,0,8,0,0,0,0,0,0,0,0,0,0,0,0.7669,0.763186,0,0,0,1,1,0,0,22138,0,0
3287970,0.94299,9,0,0,0,0,0,0,0,0,0.33282,0,0,0.58,0.45,0,0,0,0,1,0,0,22139,0,0
3287971,0.526347,8,0,0.245629,0.245629,0.245629,0.037039,0.192994,0.319707,0.631616,0.046786,0,0,0.61,0.6,0,0,0,0,1,0,0,22140,0,0
3287972,0.948419,8,0.041448,0,0,0,0.029257,0.082895,0.148724,0.258438,0.046324,0,0,0.61,0.6,0,0,0,0,1,0,0,22141,0,0
3287973,0.285751,12,0.014183,0.017334,0.05673,0.185948,0.102429,0.254235,0.457517,0.771108,0.031517,0,0,0.93,0.74,0,0,0,0,1,0,0,22142,0,0
3287974,1,9,0,0,0,0,0,0,0,0,0,0,0,0.98,0.98,0,0,0,0,1,0,0,22143,0,0
3287975,0.091304,8,0.06127,0.212642,0.353201,0.544218,0.068478,0.197024,0.397652,0.561038,0.073283,0,0,0.98,0.97,0,0,0,0,1,0,0,22144,0,0
3287976,0,12,0,0.366272,0.651151,0.664716,0,0,0,0,0,0,0,0.73,0.7,0,0,0,1,0,0,0,22145,0,0
3287977,0.641427,8,0,0,0,0,0,0.053452,0.160357,0.748331,0,0,0,0.95,0.77,0,0,0,0,1,0,0,22146,0,0
3287978,0.308811,8,0.003676,0,0,0,0.297782,0.496303,0.511009,0.555125,0.018382,0,0,0.7669,0.763186,0,0,0,0,0,0,0,22147,0,0
3287979,0.408449,8,0.036469,0,0.364687,0.364687,0.087525,0.204225,0.412096,0.579852,0.102112,0,0,0.78,0.63,0,0,0,1,1,0,0,22148,0,0
3287980,1,8,0,0,0,0,0,0,0,0,0,0,0,0.99,0.99,0,0,0,0,1,0,0,22149,0,0
3287982,1,2,0,0,0,0,0,0,0,0,0,0,0,0.68,0.75,0,0,0,0,1,0,0,22150,0,0
3287983,0.334374,12,0.002295,0.012243,0.183638,0.367276,0.055857,0.12166,0.443027,0.708537,0.056622,0,0,0.68,0.57,0,0,0,0,1,0,0,22151,0,0
3287984,0.997406,2,0,0,0,0,0,0.041559,0.041559,0.041559,0,0,0,0.83,0.69,0,0,0,0,1,0,0,22152,0,0
3287985,1,2,0,0,0,0,0,0,0,0,0,0,0,0.83,0.69,0,0,0,0,1,0,0,22153,0,0
3287986,1,2,0,0,0,0,0,0,0,0,0,0,0,0.83,0.69,0,0,0,0,1,0,0,22154,0,0
3287987,0.208514,2,0,0.125109,0.333623,0.500435,0.083406,0.125109,0.333623,0.667246,0,0,0,0.83,0.69,0,0,0,0,1,0,0,22155,0,0
3287988,0.997241,2,0,0,0,0,0,0,0.052486,0.052486,0,0,0,0.83,0.69,0,0,0,0,1,0,0,22156,0,0
3287989,0.492366,2,0,0,0.123091,0.246183,0,0.246183,0.492366,0.615457,0,0,0,0.83,0.69,0,0,0,0,1,0,0,22157,0,0
3287990,0.894427,8,0,0,0,0,0,0,0,0,0.447214,0,0,0.5,0.46,0,1,0,0,1,0,0,22158,0,0
3287991,0.980581,8,0,0,0,0,0,0,0,0,0.196116,0,0,0.5,0.46,0,1,0,0,1,0,0,22159,0,0
3287992,0.894427,8,0,0,0,0,0,0,0,0,0.447214,0,0,0.5,0.46,0,0,0,0,1,0,0,22160,0,0
3287993,0.707107,8,0,0,0,0,0,0,0,0,0.707107,0,0,0.5,0.46,0,1,0,0,1,0,0,22161,0,0
3287994,0.642857,8,0,0,0,0.071429,0,0.142857,0.357143,0.642857,0.142857,0,0,0.5,0.46,0,0,0,0,1,0,0,22162,0,0
3287995,1,8,0,0,0,0,0,0,0,0,0,0,0,0.82,0.81,0,0,0,0,1,0,0,22163,0,0
3287996,0.349293,8,0,0.081231,0.121847,0.203078,0.1056,0.203078,0.446771,0.739202,0.12997,0,0,0.4,0.41,0,0,0,0,1,0,0,22164,0,0
3287997,0.109422,8,0.109422,0.153191,0.153191,0.153191,0,0.19696,0.459573,0.809723,0,0,0,0.4,0.41,0,0,0,0,1,0,0,22165,0,0
3287998,0.17944,8,0.034311,0.13251,0.328119,0.504799,0.056395,0.197187,0.396346,0.618773,0.067438,0,0,0.93,0.89,0,0,0,1,1,0,0,22166,0,0
3287999,1,0,0,0,0,0,0,0,0,0,0,0,0,0.93,0.9,0,0,0,0,0,0,0,22167,0,0
3288000,1,2,0,0,0,0,0,0,0,0,0,0,0,0.68,0.75,0,0,0,0,1,0,0,22168,0,0
3288001,0.992278,2,0,0,0,0,0,0,0,0,0.124035,0,0,0.99,0.96,0,0,0,1,1,0,0,22169,0,0
3288002,1,8,0,0,0,0,0,0,0,0,0,0,0,0.87,0.8,0,0,0,0,1,0,0,22170,0,0
3288003,0.268311,8,0.033539,0.134156,0.436006,0.737856,0.100617,0.100617,0.268311,0.268311,0.100617,0,0,0.83,0.86,0,0,0,0,1,0,0,22171,0,0
3288004,0,8,0,0,0,0,0,0.57735,0.57735,0.57735,0,0,0,0.83,0.86,0,0,0,0,1,0,1,22172,365,20
3288005,0.999322,8,0,0,0,0,0,0.021262,0.021262,0.021262,0,0,0,0.68,0.75,0,0,0,0,1,0,0,22173,0,0
3288006,0.059843,4,0.003278,0.196219,0.348343,0.500468,0.079072,0.233133,0.398302,0.605559,0.010226,0,0,1,1,0.00635,0,0,1,1,0,0,22174,0,0
3288007,0.348715,8,0,0,0,0.098461,0.205127,0.336408,0.348715,0.767173,0.057435,0,0,0.97,0.98,0,0,0,0,1,0,0,22175,0,0
3288008,1,2,0,0,0,0,0,0,0,0,0,0,0,0.5,0.52,0,1,0,0,1,0,0,22176,0,0
3288009,0.565099,8,0.007706,0,0.192647,0.385295,0.048804,0.197785,0.446942,0.493177,0.102745,0,0,0.98,0.98,0,0,0,1,1,0,0,22177,0,0
3288010,0,2,0,0.425628,0.59588,0.681005,0,0,0,0,0,0,0,0.95,0.77,0,1,0,0,1,0,0,22178,0,0
3288011,0,8,0,0.35218,0.616316,0.704361,0,0,0,0,0,0,0,0.5,0.52,0,0,0,1,1,0,0,22179,0,0
3288012,0.99976,8,0,0,0,0,0.002212,0.004424,0.011059,0.017695,0.004424,0,0,0.95,0.97,0,0,0,0,1,0,0,22180,0,0
3288013,0.149977,8,0,0.131229,0.337447,0.543665,0.037494,0.156226,0.406187,0.599906,0.012498,0,0,0.97,0.93,0,0,0,0,1,0,0,22181,0,0
3288014,0.897085,8,0,0,0,0,0,0.20702,0.276026,0.276026,0,0,0,0.61,0.62,0,1,0,0,1,0,0,22182,0,0
3288015,0.204452,9,0.065053,0.120813,0.306678,0.501837,0.078993,0.204452,0.432138,0.590123,0.102226,0,0,0.58,0.45,0,0,0,0,1,0,0,22183,0,0
3288016,0.999676,8,0,0,0,0,0,0,0.016908,0.019021,0,0,0,1,1,0,0,0,0,1,0,0,22184,0,0
3288017,0.569495,14,0,0,0,0,0.094916,0.284747,0.379663,0.664411,0,0,0,0.89,0.9,0,0,0,0,1,0,0,22185,0,0
3288018,0.266667,2,0,0,0.333333,0.5,0.033333,0.2,0.388889,0.611111,0.044444,0,0,0.99,0.99,0,0,0,0,0,0,0,22186,0,0
3288019,0.752753,4,0,0,0,0,0,0.09033,0.361321,0.541982,0.03011,0,0,0.88,0.91,0,0,0,0,1,0,0,22187,0,0
3288020,0.478213,8,0,0,0,0.220714,0,0.073571,0.478213,0.698926,0,0,0,1,1,0,0,0,0,1,0,0,22188,0,0
3288021,0.99927,8,0,0,0,0,0,0,0.027007,0.027007,0,0,0,0.68,0.49,0,0,0,0,1,0,0,22189,0,0
3288022,0.67082,8,0,0,0.223607,0.447214,0,0.223607,0.223607,0.447214,0,0,0,0.73,0.76,0,0,0,0,1,0,0,22190,0,0
3288023,0.796677,8,0,0,0,0,0.013977,0.139768,0.223629,0.517141,0.167721,0,0,1,0.99,0,0,0,0,1,0,0,22191,0,0
3288024,1,8,0,0,0,0,0,0,0,0,0,0,0,0.4,0.42,0,0,0,0,1,0,0,22192,0,0
3288025,0.271538,8,0,0,0.271538,0.441249,0.033942,0.181025,0.486505,0.622274,0,0,0,0.83,0.85,0,0,0,0,1,0,0,22193,0,0
3288026,0.970143,12,0,0,0,0,0,0,0,0.242536,0,0,0,0.73,0.79,0,0,0,0,1,0,0,22194,0,0
3288027,1,12,0,0,0,0,0,0,0,0,0,0,0,0.73,0.79,0,0,0,0,1,0,0,22195,0,0
3288029,0.346551,8,0.313229,0.066644,0.266578,0.466511,0.039987,0.173276,0.406531,0.533156,0.086638,0,0,0.34,0.3,0,0,0,1,1,0,0,22196,0,0
3288030,1,8,0,0,0,0,0,0,0,0,0,0,0,0.98,0.98,0,0,0,0,1,0,0,22197,0,0
3288031,0.994135,8,0,0,0,0,0,0,0,0.076472,0.076472,0,0,0.78,0.86,0,0,0,0,1,0,0,22198,0,0
3288032,0.999829,8,0,0,0,0,0,0,0,0,0.018515,0,0,0.4,0.42,0,0,0,0,1,0,0,22199,0,0
3288033,0.471289,8,0.029092,0.110549,0.285101,0.401468,0.046547,0.139641,0.320011,0.616748,0.133823,0,0,0.97,0.98,0,0,0,0,1,0,0,22200,0,0
3288034,0.474579,8,0,0,0.189832,0.379663,0,0.094916,0.474579,0.569495,0.189832,0,0,0.99,0.98,0,0,0,0,1,0,0,22201,0,0
3288035,0.664822,8,0,0,0,0,0,0.199447,0.398893,0.59834,0.033241,0,0,0.41,0.46,0,0,0,0,1,0,0,22202,0,0
3288036,0.893689,8,0,0,0,0,0.040622,0.081244,0.162489,0.406222,0.040622,0,0,0.83,0.7,0,0,0,0,1,0,0,22203,0,0
3288037,0.220043,8,0.204326,0,0.094304,0.282913,0.047152,0.204326,0.455804,0.754434,0,0,0,0.99,0.99,0,0,0,0,1,0,0,22204,0,0
3288038,1,8,0,0,0,0,0,0,0,0,0,0,0,0.97,0.97,0,0,0,0,1,0,0,22205,0,0
3288039,0.666667,8,0,0,0,0,0,0,0,0.666667,0.333333,0,0,0.97,0.98,0,0,0,0,1,0,0,22206,0,0
3288040,1,8,0,0,0,0,0,0,0,0,0,0,0,0.98,0.98,0,0,0,1,1,0,0,22207,0,0
3288041,1,12,0,0,0,0,0,0,0,0,0,0,0,0.57,0.68,0,0,0,0,1,0,0,22208,0,0
3288042,0.060406,8,0.01655,0.235005,0.411811,0.609304,0.061234,0.213767,0.344509,0.477734,0.060406,0,0,0.97,0.96,0,0,0,0,1,0,0,22209,0,0
3288043,0,9,0,0,0,0,0,0.57735,0.57735,0.57735,0,0,0,0.7,0.77,0,0,0,1,1,0,0,22210,0,0
3288044,0.936669,8,0,0,0,0,0.022846,0.022846,0.137073,0.319838,0.022846,0,0,0.93,0.96,0,0,0,0,1,0,0,22211,0,0
3288045,0.918559,8,0,0,0,0,0,0.068041,0.238145,0.306186,0.034021,0,0,0.86,0.71,0,0,0,0,1,0,0,22212,0,0
3288046,0.491414,8,0,0.146786,0.299954,0.453122,0.03191,0.12764,0.299954,0.567998,0.108494,0,0,0.98,0.97,0,0,0,0,1,0,0,22213,0,0
3288047,1,9,0,0,0,0,0,0,0,0,0,0,0,0.7,0.77,0,0,0,0,1,0,0,22214,0,0
3288048,1,12,0,0,0,0,0,0,0,0,0,0,0,0.57,0.68,0,1,0,0,1,0,0,22215,0,0
3288049,0.501393,8,0,0,0,0,0.038569,0.154275,0.462824,0.71352,0,0,0,0.99,0.99,0,0,0,0,1,0,0,22216,0,0
3288050,0.332877,8,0.110959,0,0,0.221918,0,0.221918,0.480822,0.739727,0,0,0,0.99,0.99,0,0,0,0,1,0,0,22217,0,0
